Page ID,Topic,Scenario,H Level,C Level,L Level,Slug,Research Token,Title,Meta Description,Word Count Min,Word Count Max,Controlled Query,Canonical URL
EXP-T-000,Chinese Tui Na,Old ankle stiffness; how to enquire safely,0,0,0,tui-na-ankle-stiffness-enquiry,LCI-EXP-T-000,Chinese Tui Na for old ankle stiffness Falkland Islands,Learn about Tui Na massage for longstanding ankle stiffness in Falkland Islands. Service overview and enquiry guidance.,350,500,Chinese Tui Na for old ankle stiffness Falkland Islands,https://localcapabilityindex.com/experiments/falkland-islands/chinese-tui-na/tui-na-ankle-stiffness-enquiry/
EXP-T-001,Chinese Tui Na,Desk-related wrist and forearm tension,0,0,1,tui-na-wrist-tension-stanley,LCI-EXP-T-001,Tui Na wrist tension Stanley Falkland Islands,Discover Tui Na massage for wrist and forearm tension in Stanley. Service options and practitioner guidance.,350,500,Tui Na wrist tension Stanley Falkland Islands,https://localcapabilityindex.com/experiments/falkland-islands/chinese-tui-na/tui-na-wrist-tension-stanley/
EXP-T-010,Chinese Tui Na,Post-walking calf tightness; service comparison,0,1,0,chinese-massage-calf-tightness-falkland-islands,LCI-EXP-T-010,Chinese massage for calf tightness Falkland Islands,Understand Tui Na and Chinese massage options for calf tension. Comparison with other styles and local availability guidance.,900,1300,Chinese massage for calf tightness Falkland Islands,https://localcapabilityindex.com/experiments/falkland-islands/chinese-tui-na/chinese-massage-calf-tightness-falkland-islands/
EXP-T-011,Chinese Tui Na,Shoulder tension; practitioner verification guide,0,1,1,find-tui-na-shoulder-massage-falkland-islands,LCI-EXP-T-011,Find Tui Na shoulder massage Falkland Islands,Guide to finding qualified Tui Na practitioners for shoulder tension in Falkland Islands. Verification questions and service selection.,900,1300,Find Tui Na shoulder massage Falkland Islands,https://localcapabilityindex.com/experiments/falkland-islands/chinese-tui-na/find-tui-na-shoulder-massage-falkland-islands/
EXP-T-100,Chinese Tui Na,General Tui Na terminology and local availability,1,0,0,tui-na-massage-falkland-islands-overview,LCI-EXP-T-100,Tui Na massage Falkland Islands,"Tui Na massage explained: technique, terminology, and local enquiry information for Falkland Islands residents.",350,500,Tui Na massage Falkland Islands,https://localcapabilityindex.com/experiments/falkland-islands/chinese-tui-na/tui-na-massage-falkland-islands-overview/
EXP-T-101,Chinese Tui Na,Questions to ask before booking bodywork,1,0,1,tui-na-practitioner-questions-falkland-islands,LCI-EXP-T-101,Tui Na practitioner questions Falkland Islands,"Questions to ask Tui Na practitioners before booking in Falkland Islands. Verify experience, approach, and fit for your needs.",350,500,Tui Na practitioner questions Falkland Islands,https://localcapabilityindex.com/experiments/falkland-islands/chinese-tui-na/tui-na-practitioner-questions-falkland-islands/
EXP-T-110,Chinese Tui Na,Tui Na versus relaxation massage,1,1,0,tui-na-vs-relaxation-massage-falkland-islands,LCI-EXP-T-110,Tui Na vs massage Falkland Islands,"Tui Na versus relaxation massage: styles, techniques, and choosing the right approach in Falkland Islands.",900,1300,Tui Na vs massage Falkland Islands,https://localcapabilityindex.com/experiments/falkland-islands/chinese-tui-na/tui-na-vs-relaxation-massage-falkland-islands/
EXP-T-111,Chinese Tui Na,Comprehensive local enquiry and alternatives guide,1,1,1,chinese-tui-na-enquiries-falkland-islands,LCI-EXP-T-111,Chinese Tui Na enquiries Falkland Islands,"Complete guide to finding Chinese Tui Na in Falkland Islands: styles, practitioners, alternatives, and how to start your enquiry.",900,1300,Chinese Tui Na enquiries Falkland Islands,https://localcapabilityindex.com/experiments/falkland-islands/chinese-tui-na/chinese-tui-na-enquiries-falkland-islands/
EXP-V-000,Vietnamese massage,Back tension; understanding the style,0,0,0,vietnamese-massage-back-tension-falkland-islands,LCI-EXP-V-000,Vietnamese massage back tension Falkland Islands,Learn about Vietnamese-style massage for back tension in Falkland Islands. Service overview and enquiry information.,350,500,Vietnamese massage back tension Falkland Islands,https://localcapabilityindex.com/experiments/falkland-islands/vietnamese-massage/vietnamese-massage-back-tension-falkland-islands/
EXP-V-001,Vietnamese massage,Neck and shoulder relaxation enquiries,0,0,1,vietnamese-massage-neck-shoulder-stanley,LCI-EXP-V-001,Vietnamese massage neck shoulder Stanley,"Vietnamese-style massage for neck and shoulder relaxation in Stanley, Falkland Islands. Service options and practitioner information.",350,500,Vietnamese massage neck shoulder Stanley,https://localcapabilityindex.com/experiments/falkland-islands/vietnamese-massage/vietnamese-massage-neck-shoulder-stanley/
EXP-V-010,Vietnamese massage,Stress-relief massage style comparison,0,1,0,vietnamese-style-massage-stress-relief-falkland-islands,LCI-EXP-V-010,Vietnamese style massage for stress Falkland Islands,"Vietnamese-style massage for stress relief: techniques, comparison with other styles, and local availability in Falkland Islands.",900,1300,Vietnamese style massage for stress Falkland Islands,https://localcapabilityindex.com/experiments/falkland-islands/vietnamese-massage/vietnamese-style-massage-stress-relief-falkland-islands/
EXP-V-011,Vietnamese massage,Finding culturally specific massage services,0,1,1,find-vietnamese-massage-falkland-islands,LCI-EXP-V-011,Find Vietnamese massage Falkland Islands,"Guide to finding Vietnamese-style massage in Falkland Islands. Practitioner selection, what to expect, and enquiry steps.",900,1300,Find Vietnamese massage Falkland Islands,https://localcapabilityindex.com/experiments/falkland-islands/vietnamese-massage/find-vietnamese-massage-falkland-islands/
EXP-V-100,Vietnamese massage,Technique vocabulary and expectations,1,0,0,vietnamese-massage-techniques-falkland-islands,LCI-EXP-V-100,Vietnamese massage techniques Falkland Islands,"Vietnamese massage techniques explained: terminology, what to expect, and how to communicate your needs to practitioners.",350,500,Vietnamese massage techniques Falkland Islands,https://localcapabilityindex.com/experiments/falkland-islands/vietnamese-massage/vietnamese-massage-techniques-falkland-islands/
EXP-V-101,Vietnamese massage,Booking and consent questions,1,0,1,vietnamese-massage-booking-questions-falklands,LCI-EXP-V-101,Vietnamese massage booking questions Falklands,"Questions to ask when booking Vietnamese-style massage in Falkland Islands. Consent, preferences, and practitioner experience.",350,500,Vietnamese massage booking questions Falklands,https://localcapabilityindex.com/experiments/falkland-islands/vietnamese-massage/vietnamese-massage-booking-questions-falklands/
EXP-V-110,Vietnamese massage,Vietnamese style versus other massage styles,1,1,0,vietnamese-vs-other-massage-falkland-islands,LCI-EXP-V-110,Vietnamese vs other massage Falkland Islands,"Vietnamese-style massage compared to other massage approaches: differences, benefits, and choosing what suits you in Falkland Islands.",900,1300,Vietnamese vs other massage Falkland Islands,https://localcapabilityindex.com/experiments/falkland-islands/vietnamese-massage/vietnamese-vs-other-massage-falkland-islands/
EXP-V-111,Vietnamese massage,Comprehensive local enquiry and alternatives guide,1,1,1,vietnamese-style-massage-falkland-islands,LCI-EXP-V-111,Vietnamese style massage Falkland Islands,"Complete guide to Vietnamese-style massage in Falkland Islands: what it is, how to find practitioners, alternatives, and how to get started.",900,1300,Vietnamese style massage Falkland Islands,https://localcapabilityindex.com/experiments/falkland-islands/vietnamese-massage/vietnamese-style-massage-falkland-islands/
